[
  {
    "id": 1,
    "remarks": "pojiezhiyuanjun/freev2",
    "site": "https://github.com/pojiezhiyuanjun/freev2",
    "url": "https://raw.githubusercontent.com/pojiezhiyuanjun/freev2/master/0917.txt",
    "update_method": "change_date",
    "enabled": false
  },
  {
    "id": 2,
    "remarks": "Nodefree.org",
    "site": "https://github.com/Fukki-Z/nodefree",
    "url": "https://nodefree.org/dy/202209/20220913.txt",
    "update_method": "change_date",
    "enabled": false
  },
  {
    "id": 3,
    "remarks": "mianfeifq/share",
    "site": "https://github.com/mianfeifq/share",
    "url": "https://raw.githubusercontent.com/mianfeifq/share/main/data2022091.txt",
    "update_method": "page_release",
    "enabled": false
  },
  {
    "id": 4,
    "remarks": "freefq/free",
    "site": "https://github.com/freefq/free",
    "url": "https://raw.githubusercontent.com/freefq/free/master/v2",
    "update_method": "auto",
    "enabled": true
  },
  {
    "id": 5,
    "remarks": "learnhard-cn/free_proxy_ss",
    "site": "https://github.com/learnhard-cn/free_proxy_ss",
    "url": "https://raw.githubusercontent.com/learnhard-cn/free_proxy_ss/main/clash/providers/provider_free.yaml|https://raw.githubusercontent.com/learnhard-cn/free_proxy_ss/main/clash/providers/provider_home_netflix.yaml|https://raw.githubusercontent.com/learnhard-cn/free_proxy_ss/main/clash/providers/provider_netflix.yaml|https://raw.githubusercontent.com/learnhard-cn/free_proxy_ss/main/clash/providers/provider_outwall.yaml",
    "update_method": "auto",
    "enabled": true
  },
  {
    "id": 6,
    "remarks": "vpei/Free-Node-Merge",
    "site": "https://github.com/vpei/Free-Node-Merge",
    "url": "https://raw.githubusercontent.com/vpei/Free-Node-Merge/main/o/node.txt",
    "update_method": "auto",
    "enabled": true
  },
  {
    "id": 7,
    "remarks": "huwo.club",
    "site": "https://github.com/colatiger/v2ray-nodes",
    "url": "https://proxy.huwo.club/v2ray.txt|https://proxy.huwo.club/clash.yaml",
    "update_method": "auto",
    "enabled": true
  },
  {
    "id": 8,
    "remarks": "kxswa/k",
    "site": "https://github.com/kxswa/k",
    "url": "https://raw.githubusercontent.com/kxswa/k/k/base64",
    "update_method": "auto",
    "enabled": true
  },
  {
    "id": 9,
    "remarks": "ermaozi/get_subscribe",
    "site": "https://github.com/ermaozi/get_subscribe",
    "url": "https://raw.githubusercontent.com/ermaozi/get_subscribe/main/subscribe/clash.yml",
    "update_method": "auto",
    "enabled": true
  },
  {
    "id": 10,
    "remarks": "changfengoss",
    "site": "https://github.com/ronghuaxueleng/get_v2",
    "url": "https://raw.githubusercontent.com/ronghuaxueleng/get_v2/main/pub/changfengoss.yaml",
    "update_method": "auto",
    "enabled": true
  },
  {
    "id": 11,
    "remarks": "anaer/Sub",
    "site": "https://github.com/anaer/Sub",
    "url": "https://raw.githubusercontent.com/anaer/Sub/main/clash.yaml",
    "update_method": "auto",
    "enabled": true
  },
  {
    "id": 12,
    "remarks": "Pawdroid/Free-servers",
    "site": "https://github.com/Pawdroid/Free-servers",
    "url": "https://raw.githubusercontent.com/Pawdroid/Free-servers/main/sub",
    "update_method": "auto",
    "enabled": true
  },
  {
    "id": 13,
    "remarks": "Rokate/Proxy-Sub",
    "site": "https://github.com/Rokate/Proxy-Sub",
    "url": "https://raw.githubusercontent.com/Rokate/Proxy-Sub/main/clash/clash_v2ray.yml|https://raw.githubusercontent.com/Rokate/Proxy-Sub/main/clash/clash_trojan.yml|https://raw.githubusercontent.com/Rokate/Proxy-Sub/main/clash/clash_ssr.yml",
    "update_method": "auto",
    "enabled": true
  },
  {
    "id": 14,
    "remarks": "aiboboxx/v2rayfree",
    "site": "https://github.com/aiboboxx/v2rayfree",
    "url": "https://raw.githubusercontent.com/aiboboxx/v2rayfree/main/v2",
    "update_method": "auto",
    "enabled": true
  },
  {
    "id": 15,
    "remarks": "tbbatbb/Proxy",
    "site": "https://github.com/tbbatbb/Proxy",
    "url": "https://raw.githubusercontent.com/tbbatbb/Proxy/master/dist/clash.config.yaml",
    "update_method": "auto",
    "enabled": true
  },
  {
    "id": 16,
    "remarks": "1808.ga",
    "site": "https://1808.ga/",
    "url": "https://jiang.netlify.app",
    "update_method": "auto",
    "enabled": true
  },
  {
    "id": 17,
    "remarks": "gitlab.com/univstar1",
    "site": "https://gitlab.com/univstar1/v2ray/",
    "url": "https://gitlab.com/univstar1/v2ray/-/raw/main/data/v2ray/general.txt",
    "update_method": "auto",
    "enabled": true
  },
  {
    "id": 18,
    "remarks": "xiyaowong/freeFQ",
    "site": "https://github.com/xiyaowong/freeFQ",
    "url": "https://raw.githubusercontent.com/xiyaowong/freeFQ/main/v2ray",
    "update_method": "auto",
    "enabled": true
  },
  {
    "id": 19,
    "remarks": "ripaojiedian/freenode",
    "site": "https://github.com/ripaojiedian/freenode",
    "url": "https://raw.githubusercontent.com/ripaojiedian/freenode/main/sub",
    "update_method": "auto",
    "enabled": true
  },
  {
    "id": 20,
    "remarks": "Junely/clash",
    "site": "https://github.com/Junely/clash",
    "url": "https://raw.githubusercontent.com/Junely/clash/main/template3.txt|https://raw.githubusercontent.com/Junely/clash/main/template3.yaml",
    "update_method": "auto",
    "enabled": true
  }
]
