[
  {
    "id": 1,
    "remarks": "pojiezhiyuanjun",
    "site": "https://github.com/pojiezhiyuanjun/freev2",
    "url": "https://raw.githubusercontent.com/pojiezhiyuanjun/freev2/master/0107.txt",
    "update_method": "change_date",
    "enabled": true
  },
  {
    "id": 2,
    "remarks": "ClashNode",
    "site": "https://clashnode.com/f/freenode",
    "url": "https://clashnode.com/wp-content/uploads/2023/01/20230107.txt",
    "update_method": "change_date",
    "enabled": true
  },
  {
    "id": 3,
    "remarks": "Nodefree.org",
    "site": "https://github.com/Fukki-Z/nodefree",
    "url": "https://nodefree.org/dy/202212/20221231.txt",
    "update_method": "change_date",
    "enabled": true
  },
  {
    "id": 4,
    "remarks": "kkzui.com",
    "site": "https://kkzui.com/jd?orderby=modified",
    "url": "https://oss.v2rayse.com/proxies/data/2023-01-06/02p2k2.txt",
    "update_method": "page_release",
    "enabled": true
  },
  {
    "id": 5,
    "remarks": "changfengoss",
    "site": "https://github.com/changfengoss/pub",
    "url": "https://raw.githubusercontent.com/changfengoss/pub/main/data/2023_01_07/6H0RM4.txt|https://raw.githubusercontent.com/changfengoss/pub/main/data/2023_01_07/CEGhXv.txt|https://raw.githubusercontent.com/changfengoss/pub/main/data/2023_01_07/Ey71jR.txt|https://raw.githubusercontent.com/changfengoss/pub/main/data/2023_01_07/KLUCOq.yaml|https://raw.githubusercontent.com/changfengoss/pub/main/data/2023_01_07/LlezTo.txt|https://raw.githubusercontent.com/changfengoss/pub/main/data/2023_01_07/NdtMf3.txt|https://raw.githubusercontent.com/changfengoss/pub/main/data/2023_01_07/f5R5aS.yaml|https://raw.githubusercontent.com/changfengoss/pub/main/data/2023_01_07/sRXi6E.txt",
    "update_method": "page_release",
    "enabled": true
  },
  {
    "id": 6,
    "remarks": "www.cfmem.com",
    "site": "https://www.cfmem.com/search/label/free",
    "url": "https://oss.v2rayse.com/proxies/data/2023-01-07/RVkOLG.yaml",
    "update_method": "page_release",
    "enabled": true
  },
  {
    "id": 7,
    "remarks": "v2cross.com",
    "site": "https://v2cross.com/",
    "url": "https://9527521.xyz/pubconfig/FyzB43lWick9gKMo",
    "update_method": "page_release",
    "enabled": true
  },
  {
    "id": 8,
    "remarks": "mianfeifq",
    "site": "https://github.com/mianfeifq/share",
    "url": "https://raw.githubusercontent.com/mianfeifq/share/main/data2022126.txt",
    "update_method": "page_release",
    "enabled": true
  }
]