url,label
https://0x000.store/auth/register,CloudflareDefenseV2
https://关于gfw娘是个小碧池这件事.我有一句mmp要讲.com/auth/register,Email Validation
https://xxjc.in/auth/register,Email Validation
https://www.nsl-net.cc/auth/register,Email Validation
https://saocaozuo.me/auth/register,Email Validation
https://renzhe.cloud/auth/register,Email Validation
https://my.hkssnetwork.org/auth/register,Email Validation
https://66yun101.xyz/auth/register,Email Validation
https://www.amatrixap.com/auth/register,Email Validation
https://ooicat.com/auth/register,Email Validation
https://dukan.monster/auth/register,Email Validation
https://rinki.xyz/auth/register,Email Validation
https://www.duguletian.com/auth/register,Email Validation
https://cn.xkv2ray.net/auth/register,Email Validation
https://27ssr.com/auth/register,Email Validation
https://oceancloud.asia/auth/register,Email Validation
https://protal.clsnetwork.co/auth/register,Email Validation
https://www.mjjspeed.com/auth/register,Email Validation
https://www.ooocloud.top/auth/register,Email Validation;GeeTest Validation
https://www.axcc.me/auth/register,GeeTest Validation
https://1.akkcloud1.com/auth/register,GeeTest Validation
https://www.wxret.com/auth/register,GeeTest Validation
https://pxrua.com/auth/register,GeeTest Validation
https://doggetech.com/auth/register,GeeTest Validation
https://muguacloud.lol/auth/register,GeeTest Validation
https://789vpn.top/auth/register,GeeTest Validation
https://gogoo.cyou/auth/register,GeeTest Validation
https://少数人.moe/auth/register,GeeTest Validation
https://geess.pw/auth/register,GeeTest Validation
https://www.lico.club/auth/register,GeeTest Validation
https://hivessr.com/auth/register,GeeTest Validation
https://www.douluos.xyz/auth/register,GeeTest Validation
https://panel.arrc.fun/auth/register,GeeTest Validation
https://niee.cc/auth/register,GeeTest Validation
https://kakayun.xyz/auth/register,GeeTest Validation
https://www.mxyssr.fun/auth/register,GeeTest Validation
https://www.iacgbt.com/auth/register,GeeTest Validation
https://www.huaxiang.pro/auth/register,GeeTest Validation
https://gkdcloud.shop/auth/register,GeeTest Validation
https://nshfjy.xyz/auth/register,GeeTest Validation
https://my.fyy.pw/auth/register,GeeTest Validation
https://ricenet.best/auth/register,GeeTest Validation
https://ssthy.com/auth/register,GeeTest Validation
https://ftqpro.com/auth/register,GeeTest Validation
https://www.firmanlo.top/auth/register,GeeTest Validation
https://xyss.xyz/auth/register,GeeTest Validation
https://jike391.com/auth/register,GeeTest Validation
https://www.liuchangyun.com/auth/register,GeeTest Validation
https://www.wiougong.me/auth/register,GeeTest Validation
https://ccave.com/auth/register,GeeTest Validation
https://yujiasu.click/auth/register,GeeTest Validation
https://juzi111.com/auth/register,GeeTest Validation
https://78ssr.in/auth/register,GeeTest Validation
https://www.2233cloud.com/auth/register,GeeTest Validation
https://hifu365.com/auth/register,GeeTest Validation
https://vyun.one/auth/register,GeeTest Validation
https://suying100.com/auth/register,GeeTest Validation
https://azi.azzico.cc/auth/register,GeeTest Validation
https://pipkaport.xyz/auth/register,GeeTest Validation
https://mrli.shop/auth/register,GeeTest Validation
https://www.91ftq.com/auth/register,GeeTest Validation
https://dotunnel005.com/auth/register,GeeTest Validation
https://1062c.one/auth/register,GeeTest Validation
https://www.yzcd.cc/auth/register,GeeTest Validation
https://30dcloud.xyz/auth/register,GeeTest Validation
https://mzones.work/auth/register,GeeTest Validation
https://byjc.xyz/auth/register,GeeTest Validation
https://浦东国际机场.com/auth/register,GeeTest Validation
https://fanqianga.top/auth/register,GeeTest Validation
https://sspiev2.com/auth/register,GeeTest Validation
https://gflink.net/auth/register,GeeTest Validation
https://xinv2.com/auth/register,GeeTest Validation
https://maossr.top/auth/register,GeeTest Validation
https://ginfem.net/auth/register,GeeTest Validation
https://www.181024.xyz/auth/register,GeeTest Validation
https://ssrcool.com/auth/register,GeeTest Validation
https://www.paopaoyun.fun/auth/register,GeeTest Validation
https://88cloud.top/auth/register,GeeTest Validation
https://poigvvv.xyz/auth/register,GeeTest Validation
https://www.299323.xyz/auth/register,GeeTest Validation
https://wgy0.com/auth/register,GeeTest Validation
https://kuli888.xyz/auth/register,GeeTest Validation
https://www.cxkv2.xyz/auth/register,GeeTest Validation
https://pro.fswk.net/auth/register,GeeTest Validation
https://zhuzhu12.xyz/auth/register,Google reCAPTCHA
https://www.heduian.pw/auth/register,Google reCAPTCHA
https://ppv2.cc/auth/register,Google reCAPTCHA
https://ark.to/auth/register,Google reCAPTCHA
https://dripcloud.uno/auth/register,Google reCAPTCHA
https://www.acrosslinehosting.com/auth/register,Google reCAPTCHA;Email Validation
https://sdmone.pro/auth/register,Normal
https://www.ouer.me/auth/register,Normal
https://iqiaqia.xyz/auth/register,Normal
https://oxopron.top/auth/register,Normal
https://wocaovee.xyz/auth/register,Normal
https://bilii.org/auth/register,Normal
https://selaplane.com/auth/register,Normal
https://luoboquan2.top/auth/register,Normal
https://zerocloud.works/auth/register,Normal
https://www.ledlandi.com/auth/register,Normal
https://www.freedog.pw/auth/register,Normal
https://m.lemon77.im/auth/register,Normal
https://ssru6.pw/auth/register,Normal
https://www.onesy.top/auth/register,Normal
https://www.v2raya.vip/auth/register,Normal
https://www.299.best/auth/register,Normal
https://4thunter.net/auth/register,Normal
https://www.s-cat.win/auth/register,Normal
https://gogoveepien8.xyz/auth/register,Normal
https://web.bananaspeed.site/auth/register,Normal
https://www.fangzhou.date/auth/register,Normal
https://geekssr.club/auth/register,Normal
https://yuejisu.cc/auth/register,Normal
https://fafoot.net/auth/register,Normal
https://xixi0001.com/auth/register,Normal
https://www.gfwssg.com/auth/register,Normal
http://u7na.mwywi.jqxu1.99xg3e6.porolink.one/auth/register,危险通信(HTTP)
http://byjc.pro/auth/register,危险通信(HTTP)
http://ssd.dandaner.com/auth/register,危险通信(HTTP)
http://sccove.com/auth/register,危险通信(HTTP)
http://online.su147.com/auth/register,危险通信(HTTP)
http://www.kmlab.cc/auth/register,危险通信(HTTP)
http://www.syvpn.buzz/auth/register,危险通信(HTTP)
http://imomo.site/auth/register,危险通信(HTTP)
http://subrocket.xyz/auth/register,危险通信(HTTP)
http://ky00.top/auth/register,危险通信(HTTP)
http://www.pandabb.xyz/auth/register,危险通信(HTTP)
http://www.502jsq.com/auth/register,危险通信(HTTP)
http://www.10dcloud.xyz/auth/register,危险通信(HTTP)
http://v2cloud.site/auth/register,危险通信(HTTP)
http://www.cloudbb.win/auth/register,危险通信(HTTP)
http://140.238.10.38/auth/register,危险通信(HTTP)
http://freesock.us/auth/register,危险通信(HTTP)
http://www.qqdou.cyou/auth/register,危险通信(HTTP)
http://www.orangespeed.xyz/auth/register,危险通信(HTTP)
http://yzkj.best/auth/register,危险通信(HTTP)
http://ziyo.us/auth/register,危险通信(HTTP)
http://www.ek12.life/auth/register,危险通信(HTTP)
http://bitecloud.xyz/auth/register,危险通信(HTTP)
http://catjun.top/auth/register,危险通信(HTTP)
http://6yhy.com/auth/register,危险通信(HTTP)
http://powa.asia/auth/register,危险通信(HTTP)
http://seona.one/auth/register,危险通信(HTTP)
http://wanda123.xyz/auth/register,危险通信(HTTP)
http://www.qiuniu.top/auth/register,危险通信(HTTP)
https://www.linory.xyz/auth/register,拒绝注册
https://www.huojianyun.net/auth/register,拒绝注册
https://114514.unicom.icu/auth/register,拒绝注册
https://www.bigfeng.club/auth/register,拒绝注册
https://vofolo.co/auth/register,拒绝注册
https://www.offshoreview.xyz/auth/register,拒绝注册
https://www.flixer.club/auth/register,拒绝注册
https://dukou.dev/auth/register,拒绝注册
https://www.yournetspeeder.xyz/auth/register,拒绝注册
https://laov888.com/auth/register,拒绝注册
https://futawall.com/auth/register,拒绝注册
https://www.tannel.xyz/auth/register,拒绝注册
https://satori.top/auth/register,拒绝注册
https://airdream.xyz/auth/register,拒绝注册
https://144.202.105.69/auth/register,未授权站点
https://104.208.112.183/auth/register,未授权站点
https://103.172.116.172/auth/register,未授权站点
https://aa.goingsoftv.com/auth/register,请求异常(ERROR:302)
https://www.flyun.org/auth/register,请求异常(ERROR:403)
https://www.x-max.buzz/auth/register,请求异常(ERROR:403)
https://www.soulss.cloud/auth/register,请求异常(ERROR:404)
https://pluto.aaxc.club/auth/register,请求异常(ERROR:522)
https://nightswatchcdn.com/auth/register,请求异常(ERROR:522)
https://zzkayun.com/auth/register,请求异常(ERROR:522)
https://www.qqdou.icu/auth/register,请求异常(ERROR:526)
https://mod1.qsvpv.com/auth/register,限制注册(邀请)
https://lanan.top/auth/register,限制注册(邀请)
https://fook.us/auth/register,限制注册(邀请)
https://www.ashin.us/auth/register,限制注册(邀请)
https://fastpeak.net/auth/register,限制注册(邀请)
https://xtspeeder.com/auth/register,限制注册(邀请)
https://piecloud.xyz/auth/register,限制注册(邀请)
https://moebi.in/auth/register,限制注册(邀请)
https://wdnmd.click/auth/register,限制注册(邀请)
https://kk.sttkk.com/auth/register,限制注册(邀请)
https://2mb.network/auth/register,限制注册(邀请)
https://chnroute.com/auth/register,限制注册(邀请)
https://tirkyxes.welcome2neverland.com/auth/register,限制注册(邀请)
https://emabc.xyz/auth/register,限制注册(邀请)
https://dash.project-cyber.com/auth/register,限制注册(邀请)
https://eatpeach.top/auth/register,限制注册(邀请)
https://www.fq.mk/auth/register,限制注册(邀请)
https://v2plus.cc/auth/register,限制注册(邀请)
https://zhqsm.icu/auth/register,限制注册(邮箱)
https://a.wanna-free.best/auth/register,限制注册(邮箱)
https://mxwljsq.com/auth/register,限制注册(邮箱)
https://www.zifaner.com/auth/register,限制注册(邮箱)
https://yiyo.mobi/auth/register,限制注册(邮箱)
https://www.onelight.cc/auth/register,限制注册(邮箱)
https://easier.site/auth/register,限制注册(邮箱)
https://miru.cloud/auth/register,限制注册(邮箱)
https://nsfwcloud.com/auth/register,限制注册(邮箱)
https://gamingssr.w0rkupa.me/auth/register,限制注册(邮箱)
https://www.marst1.com/auth/register,限制注册(邮箱)
https://www.hnyhgl.com/auth/register,限制注册(邮箱)
https://www.luckyant.xyz/auth/register,限制注册(邮箱)
https://getluffy.asia/auth/register,限制注册(邮箱)
https://echo99.xyz/auth/register,限制注册(邮箱)
https://sufeiyun.com/auth/register,限制注册(邮箱)
https://socloud.me/auth/register,限制注册(邮箱)
https://paofu.cloud/auth/register,限制注册(邮箱)
https://netpad.cloud/auth/register,限制注册(邮箱)
https://linbei.net/auth/register,限制注册(邮箱)
https://arssr.top/auth/register,限制注册(邮箱)
https://www.ftwssr.com/auth/register,限制注册(邮箱)
https://www.chenxing.gq/auth/register,限制注册(邮箱)
https://socloud.fun/auth/register,限制注册(邮箱)
